分類,功能（簡體｜繁體）,用途,適合場景（小學英文例子）,輸出類型,實測積分,是否付費／限制,可否下載,離線
入口與輸入框,新建任务｜新建任務（首頁大輸入框）,開一個新的 AI 對話；可先選下方場景標籤，或直接描述需求,任何需求的起點,視乎功能,視乎任務；打字續寫未見扣分,免費；每日 300 臨時積分（次日 02:00 過期）,—,—
入口與輸入框,ai联想／采纳续写｜AI 聯想／採納續寫,打字或貼上後自動補上灰色建議句子,寫提示詞時參考,灰色建議文字,未見扣分紀錄,建議用簡體、預設人教 PEP；Enter 會採納而不是送出,—,—
入口與輸入框,＋ › 上传文件｜上載檔案,附上教案 docx、HTML、短文等給 AI 參考,上載 My Day 教案生成課件；上載 HTML 加數據回收,附件,0（隨任務計）,一次最多 20 個（官網程式碼）,—,—
入口與輸入框,＋ › 从知识库添加｜從知識庫加入,把「我的知識庫」的檔案附到對話,用已上載的 Leo 短文提問,附件,0（隨任務計）,檔案要先上載並通過審核,—,—
入口與輸入框,语音输入｜語音輸入（麥克風）,用說話輸入要求,不方便打字時,文字,未測試,本教程未測試錄音,—,—
場景標籤（8 個）,教学动画｜教學動畫,單一知識點的可操作演示,撥時鐘學 6:30–9:00 作息句子,單頁互動 HTML（含配圖、TTS 朗讀 mp3）,48.59,免費積分；約 9 分鐘,可以（HTML，不扣分）,原檔會跳去線上版；用 make_offline.py 處理後可離線（已測）
場景標籤（8 個）,教育应用｜教育應用（NEW）,可部署上網、可呼叫 AI、可存資料的小網站,學生寫作息句子、AI 回饋、老師看板,多檔案網上應用（版本／代碼／預覽）,20.04,運行時呼叫 AI 扣作者積分；部署只有展示／不展示到社區,不可以（只有代碼分頁，沒有下載）,不可以（要伺服器及 AI）
場景標籤（8 個）,教学游戏｜教學遊戲,課堂小遊戲,雙人 PK：聽音選圖、拖時段、排句子,單頁互動 HTML,60.86,免費積分；約 15 分鐘,可以（HTML，不扣分）,處理後可離線（已測：圖、音頻、拖放正常）
場景標籤（8 個）,互动课件｜互動課件,多頁、像簡報的完整一節課,35 分鐘 My Day 課（10 頁）,多頁互動 HTML（縮圖、演示模式）,113.71（含單頁優化、追問、AI 生圖）,介面要求上載教案檔；約 21 分鐘,可以（HTML，不扣分）,處理後可離線（已測）；數據回收 SDK 仍要聯網
場景標籤（8 個）,数据回收｜數據回收,為課件加作答回收及數據看板,闖關賽記錄每題正確率、高頻錯題,學生作答頁 HTML＋教師數據看板 HTML,30.05,必須先上載要加回收的 HTML；學生端要聯網,可以（兩個 HTML）,看板不可以（實測顯示英文錯誤、0 人）
場景標籤（8 個）,AI命题｜AI 命題,按你提供的材料出原創題,Leo 短文閱讀理解 10 題,線上題單＋Word（答案及繁中解析）,5.86,約 4 分鐘,可以（docx）,docx 可離線
場景標籤（8 個）,AI组题｜AI 組題,從飛象題庫挑現成題目組成題單,PEP 五下 Unit 1 分層練習,題單 Word（兩個相同檔案卡）,10.43,題庫為內地教材；約 8 分鐘,可以（docx）,docx 可離線
場景標籤（8 個）,AI教案·大单元｜AI 教案·大單元,生成教學設計；以提示前綴分「定制課時設計／定制單元設計」，再加「AI融合教學」,My Day 兩課時教案；科學館之旅大單元；AI 融合修改,教案文件（線上預覽＋Word）,課時 12.50；大單元 7.13；AI 融合修改 3.04,會聯網搜尋（多為內地網站）；約 6–7 分鐘,可以（docx）,docx 可離線
左側欄,资源广场｜資源廣場,別人公開的動畫、遊戲、課件；可試玩、收藏、一鍵改編,搜「My Day」找介詞遊戲,作品頁,試玩 0；一鍵改編 43.34,社區作品多為內地教材、簡體,作品頁有下載鍵（本教程沒有下載別人作品）,—
左側欄,应用广场｜應用廣場,別人公開部署的教育應用,找英文學習應用參考,應用頁,未測試,—,—,—
左側欄,飞象学院｜飛象學院,官方教學內容,學寫提示詞,文章／影片,0,—,—,—
左側欄,我的知识库｜我的知識庫（我的生成／我的收藏／我的雲盤）,保存生成作品、收藏、上載檔案；可附到對話提問,上載 Leo 短文再問「找出時間表達」,檔案清單；知識庫問答,知識庫提問 2.71,雲盤「我的工作成果」自動保存、不能刪除,—,—
左側欄,记忆管理｜記憶管理（個人主頁 › 設置）,查看、編輯、刪除 AI 記住的資料；可關閉,記住「繁體、澳門小四、英式拼寫」,記憶清單,寫入記憶的對話 4.41,—,—,—
生成後的編輯工具,直接编辑｜直接編輯,點畫面文字直接改,改錯字、改句子,新版本,0（不叫 AI）,要按「保存」；退出未保存會提示,—,—
生成後的編輯工具,AI润色｜AI 潤色,選取文字讓 AI 改寫,把 Well done 句子改淺白,替換文字,有扣分（併入課件任務）,可重試／替換／棄用,—,—
生成後的編輯工具,AI生图｜AI 生圖,選取圖片輸入描述生成新圖,替換「go to school」配圖,新圖片,有扣分（併入課件任務）,本次結果不比原圖好，已棄用,—,—
生成後的編輯工具,单页优化／一键优化｜單頁優化／一鍵優化,AI 重做一頁／整份美化,第 3 頁詞彙卡排版,新版本,有扣分（併入課件任務）,優化後第 3 頁圖片縮小、版面擠迫,—,—
生成後的編輯工具,插入资源｜插入資源,在多頁課件插入作品或空白頁,插入教學動畫,新頁,未測試,—,—,—
生成後的編輯工具,追问修改｜追問修改,在結果頁再提修改要求,「第 2 頁加跟讀按鈕」,新版本,有扣分（併入原任務）,實測檢查的頁面看不到改動,—,—
生成後的編輯工具,重新生成｜重新生成,同一要求再生成,結果不滿意時,新版本,未測試（會扣分）,—,—,—
生成後的編輯工具,演示／全屏｜演示／全螢幕,全螢幕播放課件／作品,課堂投影,—,0,—,—,—
生成後的編輯工具,下载｜下載,下載 HTML／Word,備份、離線準備,HTML／docx,0,下載會「同步到個人中心」，「發佈」變「更新」,可以,見離線頁
生成後的編輯工具,发布／更新｜發佈／更新,把作品發佈或同步到個人主頁,—,—,0,發佈後預設「公開可見」,—,—
生成後的編輯工具,可见范围｜可見範圍,公開可見／不展示到社區,每次生成後改為不展示到社區,—,0,沒有「僅自己可見」選項,—,—
